Character,Eidolon,marginal_value
Castorice,E0-E1,0.3736908253037286
Castorice,E1-E2,0.4449308755760375
Castorice,E2-E3,0.11962051389470679
Castorice,E3-E4,0.05083962530626762
Castorice,E4-E5,0.20309613286796965
Castorice,E5-E6,1.0836794751331618
Castorice,E0-LC,1.3790727676484342
