Character,Eidolon,avg_dmg
Castorice,E0,100.0
Castorice,E1,128.7741935483871
Castorice,E2,163.033870967742
Castorice,E3,172.2446505376344
Castorice,E4,176.15930168621702
Castorice,E5,191.79770391705068
Castorice,E6,275.24102350230413
Castorice,LC,195.15602096774197
