Character,Eidolon,dmg_per_pull
Castorice,E0,1.2987012987012987
Castorice,E1,0.8361960620025136
Castorice,E2,0.7057743331936883
Castorice,E3,0.559235878368943
Castorice,E4,0.4575566277564078
Castorice,E5,0.4151465452750015
Castorice,E6,0.5106512495404529
Castorice,LC,1.3366850751215202
