Character,Eidolon,marginal_value
RuanMei,E0-E1,0.06154835876198077
RuanMei,E1-E2,0.1923202380586875
RuanMei,E2-E3,0.02484111832835146
RuanMei,E3-E4,0.041489252186578215
RuanMei,E4-E5,0.03922711260249499
RuanMei,E5-E6,0.027402984347168095
RuanMei,E0-LC,0.21947838977409165
