Character,Eidolon,dmg_per_pull
RuanMei,E0,1.2987012987012987
RuanMei,E1,0.6801248287316397
RuanMei,E2,0.5175232985073224
RuanMei,E3,0.3943527534625796
RuanMei,E4,0.32378005320737935
RuanMei,E5,0.27635456310656525
RuanMei,E6,0.24079005185522281
RuanMei,LC,0.7886575951672077
