Character,Eidolon,avg_dmg
RuanMei,E0,100.0
RuanMei,E1,104.73922362467252
RuanMei,E2,119.54788195519146
RuanMei,E3,121.46064806647452
RuanMei,E4,124.65532048484104
RuanMei,E5,127.67580815523316
RuanMei,E6,129.7858379499651
RuanMei,LC,115.14400889441232
