Character,Eidolon,dmg_per_pull
Anaxa,E0,1.2987012987012987
Anaxa,E1,0.7537485831956185
Anaxa,E2,0.6304652209655142
Anaxa,E3,0.5057427533397276
Anaxa,E4,0.47607552749829485
Anaxa,E5,0.415551312271104
Anaxa,E6,0.7232300603039696
Anaxa,LC,1.106188746048472
