Character,Eidolon,avg_dmg
Anaxa,E0,100.0
Anaxa,E1,116.07728181212525
Anaxa,E2,145.63746604303378
Anaxa,E3,155.76876802863612
Anaxa,E4,183.28907808684352
Anaxa,E5,191.98470626925004
Anaxa,E6,389.8210025038396
Anaxa,LC,161.50355692307693
