Character,Eidolon,marginal_value
Anaxa,E0-E1,0.2087958676899383
Anaxa,E1-E2,0.3838984965053056
Anaxa,E2-E3,0.13157535046236798
Anaxa,E3-E4,0.35740662413256363
Anaxa,E4-E5,0.11293023613514964
Anaxa,E5-E6,2.5693025485011636
Anaxa,E0-LC,0.8913558974358975
